year,month,day,unit,branch,previous_inbound_ton,previous_inbound_vol
2026,6,1,BBSDPG,HNI,0.017449,23.0
2026,6,1,DCCNKT3,TTKT3,38.935185,28651.0
2026,6,1,DSKV4,,0.01299,7.0
2026,6,1,DSKV5,,6.098456,598.0
2026,6,1,HBBDHN,,1.009996,315.0
2026,6,1,HBHCTB,,0.5510039999999999,721.0
2026,6,1,HBHCTD,,0.11230699999999999,198.0
2026,6,1,HCM01,,0.5968,862.0
2026,6,1,HCM06,,0.233337,309.0
2026,6,1,HCM10,,0.145401,158.0
2026,6,1,HN01,,0.101865,119.0
2026,6,1,HN02,,1.141222,1269.0
2026,6,1,HN04,,0.6637139999999999,883.0
2026,6,1,HN07,,0.000049999999999999996,1.0
2026,6,1,HN08,,1.300459,1811.0
2026,6,1,HN10,,1.046535,1610.0
2026,6,1,HNIDDA,,0.892681,1437.0
2026,6,1,HNIHKM,,0.7454449999999999,1037.0
2026,6,1,HNM01,,0.21325,9.0
2026,6,1,HUBAGG,AGG,15.721945,5590.0
2026,6,1,HUBBDG,HCM,3.7437206190476187,2081.0
2026,6,1,HUBBGG,BNH,13.596684999999999,5213.0
2026,6,1,HUBBHD,GLI,2.8655809999999997,1081.0
2026,6,1,HUBBKN,TNN,3.0268349999999997,1129.0
2026,6,1,HUBBLU,CMU,6.675424,2314.0
2026,6,1,HUBBNH,BNH,14.809861999999999,6634.0
2026,6,1,HUBBPC,DNI,5.203544,1581.0
2026,6,1,HUBBTE,VLG,5.230581,2759.0
2026,6,1,HUBBTN,LDG,10.718155999999999,2545.0
2026,6,1,HUBCMU,CMU,9.814525,4446.0
2026,6,1,HUBDBN,DBN,1.355154,580.0
2026,6,1,HUBDKG,LDG,6.4519589999999996,2299.0
2026,6,1,HUBDLK,DLK,4.58596,1179.0
2026,6,1,HUBDNG,DNG,3.9195659999999997,3064.0
2026,6,1,HUBDNI,DNI,10.664570666666666,3923.0
2026,6,1,HUBDTP,DTP,11.869409,3845.0
2026,6,1,HUBGLI,GLI,3.039563,820.0
2026,6,1,HUBHBH,PHO,9.733613,2830.0
2026,6,1,HUBHCM,,12.031970999999999,513.0
2026,6,1,HUBHDG,HPG,18.233141,6593.0
2026,6,1,HUBHGG,TQG,2.219951,388.0
2026,6,1,HUBHNI,HNI,2.091946,125.0
2026,6,1,HUBHNM,NBH,6.322559999999999,2424.0
2026,6,1,HUBHPG,HPG,24.96705133333333,7771.0
2026,6,1,HUBHTH,HTH,6.508007999999999,1282.0
2026,6,1,HUBHUE,HUE,6.623605428571428,3546.0
2026,6,1,HUBHYN,HYN,20.695431,5119.0
2026,6,1,HUBKGG01,AGG,15.812903666666665,4691.0
2026,6,1,HUBKGG02,AGG,2.178425,889.0
2026,6,1,HUBKHA,KHA,10.483817666666665,1981.0
2026,6,1,HUBKTM,QNI,0.5948399999999999,50.0
2026,6,1,HUBLAN,TNH,8.164157,4030.0
2026,6,1,HUBLBN,HNI,11.260693,5335.0
2026,6,1,HUBLCI01,LCI,0.0058,2.0
2026,6,1,HUBLDG01,LDG,8.700065,1810.0
2026,6,1,HUBLDG03,LDG,1.905757,148.0
2026,6,1,HUBLSN,LSN,5.894635999999999,1807.0
2026,6,1,HUBNAN,NAN,13.464252,4210.0
2026,6,1,HUBNBH,NBH,8.053516,2642.0
2026,6,1,HUBNDH,NBH,10.996177999999999,3963.0
2026,6,1,HUBNTN,KHA,0.891987,96.0
2026,6,1,HUBPHO,PHO,13.283831999999999,4317.0
2026,6,1,HUBPYN,DLK,4.103677,1015.0
2026,6,1,HUBQBH,QTI,4.857073,770.0
2026,6,1,HUBQNH,QNH,15.416290333333333,4001.0
2026,6,1,HUBQNI,QNI,11.183653999999999,2758.0
2026,6,1,HUBQNM,DNG,9.306256,2523.0
2026,6,1,HUBQTI,QTI,4.718291,829.0
2026,6,1,HUBSTG,CTO,8.147962999999999,3433.0
2026,6,1,HUBTAN,HCM,2.767108,1166.0
2026,6,1,HUBTBH,HYN,16.102016,4451.0
2026,6,1,HUBTGG,DTP,5.883081,3312.0
2026,6,1,HUBTHA,THA,10.583568999999999,3782.0
2026,6,1,HUBTNH,TNH,8.708592,4453.0
2026,6,1,HUBTNN,TNN,7.742241,3536.0
2026,6,1,HUBTQG,TQG,7.795167999999999,2471.0
2026,6,1,HUBTTI,HNI,9.234923,6795.0
2026,6,1,HUBTTO,,14.002049999999999,7926.0
2026,6,1,HUBTVH,VLG,9.575605999999999,2948.0
2026,6,1,HUBVPC,PHO,11.473773,3865.0
2026,6,1,HUBVTU,HCM,11.362988,6031.0
2026,6,1,HUBYAN,HNI,11.711337,3945.0
2026,6,1,HUBYBN,LCI,11.69343,3772.0
2026,6,1,LOGBN,TTKT5,80.825203,17131.0
2026,6,1,LOGTDC,,8.093766,5074.0
2026,6,1,QU8,,0.344385,438.0
2026,6,1,TTDAD,,5.377332,1259.0
2026,6,1,TTKNB,,9.931001499999999,7318.0
2026,6,1,TTKT1,TTKT1,52.871871,23413.0
2026,6,1,TTKT2,TTKT2,53.00156066666666,12173.0
2026,6,1,TTKT3,TTKT3,64.42237433333334,24669.0
2026,6,1,TTKT4,TTKT4,43.347381,13504.0
2026,6,1,TTKT5,TTKT5,123.4584635,56280.0
2026,6,1,TTSGN,,5.457916,5227.0
2026,6,1,TTTK3K2,TTKT3,20.20798733333333,3804.0
2026,6,9,BBSDPG,HNI,1.7386579999999998,1336.0
2026,6,9,DCCNKT3,TTKT3,127.44550983333332,62372.0
2026,6,9,DSBDG,,3.32721,318.0
2026,6,9,DSBGG,,0.19999999999999998,29.0
2026,6,9,DSBNH,,1.205549,85.0
2026,6,9,DSHDG,,1.1197869999999999,93.0
2026,6,9,DSKV3,,18.980401666666666,1268.0
2026,6,9,DSKV4,,0.169549,13.0
2026,6,9,DSKV5,,42.712579,3634.0
2026,6,9,DSVPC,,8.886600999999999,767.0
2026,6,9,HBBDHN,,0.9477329999999999,408.0
2026,6,9,HBHCGV,,1.563049,2896.0
2026,6,9,HBHCTB,,1.572581,2397.0
2026,6,9,HBHCTD,,0.7025049999999999,1059.0
2026,6,9,HCM01,,0.61437,868.0
2026,6,9,HCM04,,0.933568,1273.0
2026,6,9,HCM09,,0.412228,43.0
2026,6,9,HCM12,,0.726027,1101.0
2026,6,9,HCMTTOG,,0.04256,2.0
2026,6,9,HN02,,0.3211,24.0
2026,6,9,HN03,,0.6909299999999999,811.0
2026,6,9,HN04,,1.1707269999999999,1415.0
2026,6,9,HN07,,0.14568699999999998,188.0
2026,6,9,HN08,,1.913543,2707.0
2026,6,9,HN10,,1.53121,2146.0
2026,6,9,HNIDDA,,1.630169,2327.0
2026,6,9,HNIHKM,,1.327383,1733.0
2026,6,9,HUBAGG,AGG,18.827609,7146.0
2026,6,9,HUBBDG,HCM,15.936019,7469.0
2026,6,9,HUBBGG,BNH,18.154821,8823.0
2026,6,9,HUBBHD,GLI,1.8673899999999999,1057.0
2026,6,9,HUBBKN,TNN,3.931543,1273.0
2026,6,9,HUBBLU,CMU,10.717559999999999,3936.0
2026,6,9,HUBBNH,BNH,18.29527633333333,11851.0
2026,6,9,HUBBPC,DNI,11.398385,3538.0
2026,6,9,HUBBTE,VLG,15.016632999999999,5125.0
2026,6,9,HUBBTN,LDG,23.436275666666667,6686.0
2026,6,9,HUBCMU,CMU,12.883010333333333,4641.0
2026,6,9,HUBDBN,DBN,0.783612,137.0
2026,6,9,HUBDKG,LDG,1.5523559999999998,404.0
2026,6,9,HUBDLK,DLK,8.194379999999999,4738.0
2026,6,9,HUBDNG,DNG,3.4518579999999996,2671.0
2026,6,9,HUBDNI,DNI,21.029483,9462.0
2026,6,9,HUBDTP,DTP,17.63261833333333,5791.0
2026,6,9,HUBGLI,GLI,0.331183,173.0
2026,6,9,HUBHBH,PHO,12.592101,4382.0
2026,6,9,HUBHCM,,16.861704,750.0
2026,6,9,HUBHDG,HPG,19.767029,9819.0
2026,6,9,HUBHGG,TQG,4.147222,754.0
2026,6,9,HUBHNI,HNI,4.074387,224.0
2026,6,9,HUBHNM,NBH,12.668019333333334,4484.0
2026,6,9,HUBHPG,HPG,40.352264,15791.0
2026,6,9,HUBHTH,HTH,4.894062,1503.0
2026,6,9,HUBHUE,HUE,5.645324,1958.0
2026,6,9,HUBHYN,HYN,21.91992157142857,8472.0
2026,6,9,HUBKGG01,AGG,15.85939,5285.0
2026,6,9,HUBKGG02,AGG,3.9070739999999997,1948.0
2026,6,9,HUBKHA,KHA,18.635918,4477.0
2026,6,9,HUBKTM,QNI,0.005483,1.0
2026,6,9,HUBLAN,TNH,43.424552,15966.0
2026,6,9,HUBLBN,HNI,16.568213,8348.0
2026,6,9,HUBLCI01,LCI,2.7676369999999997,963.0
2026,6,9,HUBLCI02,LCI,1.364754,509.0
2026,6,9,HUBLDG01,LDG,14.168524,3152.0
2026,6,9,HUBLDG03,LDG,5.684708,1434.0
2026,6,9,HUBLSN,LSN,8.063189999999999,2458.0
2026,6,9,HUBNAN,NAN,19.672634,7340.0
2026,6,9,HUBNBH,NBH,11.580264,4515.0
2026,6,9,HUBNDH,NBH,17.023321,7408.0
2026,6,9,HUBNTN,KHA,0.33518,76.0
2026,6,9,HUBPHO,PHO,14.730513,7640.0
2026,6,9,HUBPYN,DLK,4.251412999999999,1001.0
2026,6,9,HUBQBH,QTI,7.335573999999999,1618.0
2026,6,9,HUBQNH,QNH,21.824742,7405.0
2026,6,9,HUBQNI,QNI,8.301276999999999,3168.0
2026,6,9,HUBQNM,DNG,8.53065,3675.0
2026,6,9,HUBQTI,QTI,2.974754,1075.0
2026,6,9,HUBSLA,SLA,0.004,1.0
2026,6,9,HUBSTG,CTO,8.808558999999999,2290.0
2026,6,9,HUBTAN,HCM,2.078666,520.0
2026,6,9,HUBTBH,HYN,20.376320333333332,7715.0
2026,6,9,HUBTGG,DTP,17.435485,4370.0
2026,6,9,HUBTHA,THA,25.29926,9282.0
2026,6,9,HUBTNH,TNH,18.610066333333332,7330.0
2026,6,9,HUBTNN,TNN,15.198943,6641.0
2026,6,9,HUBTQG,TQG,8.748151,3495.0
2026,6,9,HUBTTI,HNI,26.63683,20728.0
2026,6,9,HUBTTO,,17.411823,12537.0
2026,6,9,HUBTVH,VLG,9.19201,3020.0
2026,6,9,HUBVPC,PHO,6.671532,4175.0
2026,6,9,HUBVTU,HCM,16.090558666666666,4605.0
2026,6,9,HUBYAN,HNI,9.350128,4856.0
2026,6,9,HUBYBN,LCI,13.914318,4688.0
2026,6,9,LOGBN,TTKT5,142.42417,34538.0
2026,6,9,LOGTDC,,19.395453,11333.0
2026,6,9,QU6,,0.368708,541.0
2026,6,9,QU8,,0.718602,991.0
2026,6,9,TTDAD,,4.651573,2440.0
2026,6,9,TTKNB,,19.054699,22812.0
2026,6,9,TTKT1,TTKT1,111.611955,59727.0
2026,6,9,TTKT2,TTKT2,35.664218,12026.0
2026,6,9,TTKT3,TTKT3,104.68118466666667,50955.0
2026,6,9,TTKT4,TTKT4,68.854912,16551.0
2026,6,9,TTKT5,TTKT5,221.32055242857143,107237.0
2026,6,9,TTSGN,,12.52557,15477.0
2026,6,9,TTTK3K2,TTKT3,19.802542499999998,5813.0
2026,6,10,BBSDPG,HNI,0.717414,31.0
2026,6,10,DCCNKT3,TTKT3,113.31114266666667,63030.0
2026,6,10,DSBDG,,0.860807,110.0
2026,6,10,DSBGG,,0.055999999999999994,1.0
2026,6,10,DSBNH,,0.449889,46.0
2026,6,10,DSKV3,,40.66312211111111,2973.0
2026,6,10,DSKV4,,0.70104,853.0
2026,6,10,DSKV5,,40.837143,3856.0
2026,6,10,DSLAN,,0.640398,18.0
2026,6,10,DSVPC,,8.907022,793.0
2026,6,10,DTHCM,,0.000419,3.0
2026,6,10,HBBDHN,,1.757827,516.0
2026,6,10,HBHCGV,,0.488465,818.0
2026,6,10,HBHCTB,,1.4535879999999999,2074.0
2026,6,10,HCM01,,0.069023,36.0
2026,6,10,HCM06,,1.1933799999999999,1746.0
2026,6,10,HCM09,,1.1269339999999999,173.0
2026,6,10,HCM10,,0.042196,67.0
2026,6,10,HCM12,,0.106432,164.0
2026,6,10,HN01,,0.35181399999999996,496.0
2026,6,10,HN02,,0.261758,20.0
2026,6,10,HN03,,1.033317,1283.0
2026,6,10,HN04,,1.161393,1481.0
2026,6,10,HN07,,0.015312,6.0
2026,6,10,HN08,,2.613006,3507.0
2026,6,10,HN09,,0.051541,11.0
2026,6,10,HN10,,1.5631359999999999,2056.0
2026,6,10,HNIDDA,,1.6910999999999998,2434.0
2026,6,10,HNIHKM,,1.3788749999999999,1819.0
2026,6,10,HNM01,,0.0007,1.0
2026,6,10,HUBAGG,AGG,18.304519,6965.0
2026,6,10,HUBBDG,HCM,16.580609,7298.0
2026,6,10,HUBBGG,BNH,19.350040999999997,8403.0
2026,6,10,HUBBHD,GLI,7.244173,1903.0
2026,6,10,HUBBKN,TNN,4.059088,1003.0
2026,6,10,HUBBLU,CMU,9.302489,3412.0
2026,6,10,HUBBNH,BNH,18.434580666666665,13047.0
2026,6,10,HUBBPC,DNI,13.594111999999999,3521.0
2026,6,10,HUBBTE,VLG,14.248659,3980.0
2026,6,10,HUBBTN,LDG,14.072517999999999,2654.0
2026,6,10,HUBCMU,CMU,10.908394,4217.0
2026,6,10,HUBDBN,DBN,0.554221,86.0
2026,6,10,HUBDKG,LDG,5.9913359999999996,1687.0
2026,6,10,HUBDLK,DLK,15.087644,4148.0
2026,6,10,HUBDNG,DNG,5.670889,5769.0
2026,6,10,HUBDNI,DNI,11.991741333333334,3106.0
2026,6,10,HUBDTP,DTP,20.625186,6484.0
2026,6,10,HUBGLI,GLI,0.880123,987.0
2026,6,10,HUBHBH,PHO,12.523581,4545.0
2026,6,10,HUBHCM,,11.695997,474.0
2026,6,10,HUBHDG,HPG,18.450321,9172.0
2026,6,10,HUBHGG,TQG,3.597636,819.0
2026,6,10,HUBHNI,HNI,2.7421189999999998,137.0
2026,6,10,HUBHNM,NBH,12.276703999999999,5302.0
2026,6,10,HUBHPG,HPG,47.674997999999995,15732.0
2026,6,10,HUBHTH,HTH,7.340818,1552.0
2026,6,10,HUBHUE,HUE,9.169943,3250.0
2026,6,10,HUBHYN,HYN,22.388688,7949.0
2026,6,10,HUBKGG01,AGG,20.957024999999998,7134.0
2026,6,10,HUBKGG02,AGG,2.396065,1350.0
2026,6,10,HUBKHA,KHA,11.694963,1978.0
2026,6,10,HUBKTM,QNI,0.0972,7.0
2026,6,10,HUBLAN,TNH,25.513247333333332,8378.0
2026,6,10,HUBLBN,HNI,14.429354,10047.0
2026,6,10,HUBLCI01,LCI,6.4460646666666666,2151.0
2026,6,10,HUBLCI02,LCI,1.7888959999999998,388.0
2026,6,10,HUBLDG01,LDG,0.122819,30.0
2026,6,10,HUBLDG03,LDG,7.790732333333333,1821.0
2026,6,10,HUBLSN,LSN,9.269900999999999,3020.0
2026,6,10,HUBNAN,NAN,27.324787999999998,8196.0
2026,6,10,HUBNBH,NBH,9.479757,4358.0
2026,6,10,HUBNDH,NBH,14.350826999999999,6329.0
2026,6,10,HUBNTN,KHA,0.438058,179.0
2026,6,10,HUBPHO,PHO,16.944354,7455.0
2026,6,10,HUBPYN,DLK,6.160464,2074.0
2026,6,10,HUBQBH,QTI,8.439259,1630.0
2026,6,10,HUBQNH,QNH,22.701065,9617.0
2026,6,10,HUBQNI,QNI,6.9804216,2662.0
2026,6,10,HUBQNM,DNG,5.94895,2983.0
2026,6,10,HUBQTI,QTI,7.2695099999999995,1263.0
2026,6,10,HUBSTG,CTO,11.428486,4359.0
2026,6,10,HUBTAN,HCM,1.4234259999999999,1351.0
2026,6,10,HUBTBH,HYN,19.31670733333333,7174.0
2026,6,10,HUBTGG,DTP,8.858439333333333,3264.0
2026,6,10,HUBTHA,THA,26.999177,9229.0
2026,6,10,HUBTNH,TNH,16.794396,6101.0
2026,6,10,HUBTNN,TNN,11.774028999999999,6322.0
2026,6,10,HUBTQG,TQG,8.104781,3487.0
2026,6,10,HUBTTI,HNI,31.423105157894735,19905.0
2026,6,10,HUBTTO,,16.884714,11361.0
2026,6,10,HUBTVH,VLG,11.062486,4114.0
2026,6,10,HUBVPC,PHO,14.718577999999999,6934.0
2026,6,10,HUBVTU,HCM,8.724554666666666,3378.0
2026,6,10,HUBYAN,HNI,10.985844,5848.0
2026,6,10,HUBYBN,LCI,14.727224,4520.0
2026,6,10,LOGBN,TTKT5,160.37201399999998,37976.0
2026,6,10,LOGTDC,,9.218365,9777.0
2026,6,10,QU5,,0.07905899999999999,110.0
2026,6,10,QU6,,0.24493399999999999,315.0
2026,6,10,QU8,,0.538258,766.0
2026,6,10,TML,,0.519269,697.0
2026,6,10,TTDAD,,7.033634999999999,2367.0
2026,6,10,TTHDG,,0.02,1.0
2026,6,10,TTKNB,,20.676721999999998,26057.0
2026,6,10,TTKT1,TTKT1,109.104226,60915.0
2026,6,10,TTKT2,TTKT2,61.228607999999994,27039.0
2026,6,10,TTKT3,TTKT3,111.26120033333332,52270.0
2026,6,10,TTKT4,TTKT4,58.13758766666666,15672.0
2026,6,10,TTKT5,TTKT5,208.89067738095238,115492.0
2026,6,10,TTSGN,,22.8962,20227.0
2026,6,10,TTTK3K2,TTKT3,18.727943,4512.0
2026,6,11,BBSDPG,HNI,1.069,16.0
2026,6,11,DCCNKT3,TTKT3,95.375469,59821.0
2026,6,11,DSBDG,,9.297227,746.0
2026,6,11,DSBNH,,0.403549,29.0
2026,6,11,DSDNI,,2.320077,136.0
2026,6,11,DSHDG,,0.049999999999999996,2.0
2026,6,11,DSKV3,,31.186760999999997,1925.0
2026,6,11,DSKV4,,0.42389499999999997,170.0
2026,6,11,DSKV5,,38.581210999999996,3348.0
2026,6,11,DSLAN,,0.17953,44.0
2026,6,11,DSVPC,,9.347985999999999,781.0
2026,6,11,HBBDHN,,1.2538829999999999,401.0
2026,6,11,HBHCGV,,0.740965,1581.0
2026,6,11,HBHCTB,,1.3611259999999998,2051.0
2026,6,11,HBHCTD,,0.193024,337.0
2026,6,11,HCM01,,1.3843569999999998,2903.0
2026,6,11,HCM04,,0.08728899999999999,133.0
2026,6,11,HCM06,,0.04153,97.0
2026,6,11,HCM10,,0.028149999999999998,27.0
2026,6,11,HCM12,,0.00975,23.0
2026,6,11,HCMTTOG,,0.024999999999999998,1.0
2026,6,11,HN02,,0.6157239999999999,21.0
2026,6,11,HN03,,0.021265,28.0
2026,6,11,HN04,,0.279155,437.0
2026,6,11,HN07,,0.444113,436.0
2026,6,11,HN08,,2.236774,2990.0
2026,6,11,HN10,,0.99008,1261.0
2026,6,11,HNIDDA,,1.3954149999999998,2057.0
2026,6,11,HNIHKM,,1.1746029999999998,1598.0
2026,6,11,HUBAGG,AGG,12.453324,3326.0
2026,6,11,HUBBDG,HCM,12.570758999999999,5140.0
2026,6,11,HUBBGG,BNH,20.088133,8387.0
2026,6,11,HUBBHD,GLI,6.308748,2695.0
2026,6,11,HUBBKN,TNN,4.020522,1082.0
2026,6,11,HUBBLU,CMU,10.626177,3811.0
2026,6,11,HUBBNH,BNH,23.922528,11545.0
2026,6,11,HUBBPC,DNI,12.59143157142857,4516.0
2026,6,11,HUBBTE,VLG,6.913704999999999,3394.0
2026,6,11,HUBBTN,LDG,15.568639999999998,3697.0
2026,6,11,HUBCMU,CMU,13.412194999999999,4890.0
2026,6,11,HUBDBN,DBN,0.656799,68.0
2026,6,11,HUBDKG,LDG,7.264653,2227.0
2026,6,11,HUBDLK,DLK,7.686347,2650.0
2026,6,11,HUBDNG,DNG,5.744088,4173.0
2026,6,11,HUBDNI,DNI,15.964856999999999,6777.0
2026,6,11,HUBDTP,DTP,14.956703999999998,5206.0
2026,6,11,HUBGLI,GLI,0.764166,840.0
2026,6,11,HUBHBH,PHO,12.140581,4301.0
2026,6,11,HUBHCM,,17.998326,845.0
2026,6,11,HUBHDG,HPG,19.786896,9706.0
2026,6,11,HUBHGG,TQG,1.369062,124.0
2026,6,11,HUBHNI,HNI,7.689546,398.0
2026,6,11,HUBHNM,NBH,10.003769,4759.0
2026,6,11,HUBHPG,HPG,39.81177966666666,14510.0
2026,6,11,HUBHTH,HTH,8.579668,1527.0
2026,6,11,HUBHUE,HUE,10.767768,3848.0
2026,6,11,HUBHYN,HYN,18.858779,7811.0
2026,6,11,HUBKGG01,AGG,13.525609999999999,4379.0
2026,6,11,HUBKGG02,AGG,3.364986,2181.0
2026,6,11,HUBKHA,KHA,10.071281333333333,1990.0
2026,6,11,HUBKTM,QNI,0.925835,125.0
2026,6,11,HUBLAN,TNH,13.578555,5941.0
2026,6,11,HUBLBN,HNI,15.603053999999998,10422.0
2026,6,11,HUBLCI01,LCI,6.24351,1924.0
2026,6,11,HUBLCI02,LCI,1.795964,450.0
2026,6,11,HUBLDG01,LDG,16.811577,3087.0
2026,6,11,HUBLDG03,LDG,6.880101,1512.0
2026,6,11,HUBLSN,LSN,7.453929,2440.0
2026,6,11,HUBNAN,NAN,28.249429,7962.0
2026,6,11,HUBNBH,NBH,12.153357,5721.0
2026,6,11,HUBNDH,NBH,15.050201,6483.0
2026,6,11,HUBNTN,KHA,0.047334,2.0
2026,6,11,HUBPHO,PHO,15.949250999999999,7372.0
2026,6,11,HUBPYN,DLK,3.554686,1386.0
2026,6,11,HUBQBH,QTI,6.130974999999999,1470.0
2026,6,11,HUBQNH,QNH,23.830077,8044.0
2026,6,11,HUBQNI,QNI,9.2720606,3248.0
2026,6,11,HUBQNM,DNG,11.029899,5268.0
2026,6,11,HUBQTI,QTI,3.4155689999999996,1288.0
2026,6,11,HUBSLA,SLA,0.001,1.0
2026,6,11,HUBSTG,CTO,12.963878999999999,4628.0
2026,6,11,HUBTAN,HCM,1.263506,138.0
2026,6,11,HUBTBH,HYN,17.328453,6641.0
2026,6,11,HUBTGG,DTP,10.432096,2411.0
2026,6,11,HUBTHA,THA,24.335252,9152.0
2026,6,11,HUBTNH,TNH,9.158291,3264.0
2026,6,11,HUBTNN,TNN,13.800848,6325.0
2026,6,11,HUBTQG,TQG,7.11897,3217.0
2026,6,11,HUBTTI,HNI,23.639056,19537.0
2026,6,11,HUBTTO,,19.986302,14501.0
2026,6,11,HUBTVH,VLG,9.034687,3960.0
2026,6,11,HUBVPC,PHO,12.237822,6473.0
2026,6,11,HUBVTU,HCM,12.165569,4008.0
2026,6,11,HUBYAN,HNI,10.987656999999999,5534.0
2026,6,11,HUBYBN,LCI,9.737574,3497.0
2026,6,11,LOGBN,TTKT5,150.098301,36172.0
2026,6,11,LOGTDC,,16.948876,11640.0
2026,6,11,QU6,,0.258065,420.0
2026,6,11,QU8,,0.572442,822.0
2026,6,11,TML,,0.490108,710.0
2026,6,11,TTDAD,,4.074356,2480.0
2026,6,11,TTKNB,,20.767117,20364.0
2026,6,11,TTKT1,TTKT1,100.79606899999999,57106.0
2026,6,11,TTKT2,TTKT2,45.112528,14212.0
2026,6,11,TTKT3,TTKT3,121.97258099999999,61484.0
2026,6,11,TTKT4,TTKT4,68.49767533333332,19041.0
2026,6,11,TTKT5,TTKT5,221.09744133333334,117145.0
2026,6,11,TTSGN,,18.776752,14100.0
2026,6,11,TTTK3K2,TTKT3,38.000418025641025,13143.0
2026,6,12,BBSDPG,HNI,0.40549999999999997,26.0
2026,6,12,DCCNKT3,TTKT3,89.49239169230769,59936.0
2026,6,12,DSBDG,,9.772886999999999,797.0
2026,6,12,DSBNH,,0.519,35.0
2026,6,12,DSDNI,,1.9200469999999998,248.0
2026,6,12,DSHDG,,1.328033,36.0
2026,6,12,DSKV3,,29.38298569047619,1836.0
2026,6,12,DSKV4,,0.033636,19.0
2026,6,12,DSKV5,,45.717411999999996,3929.0
2026,6,12,DSLAN,,0.015,1.0
2026,6,12,DSVPC,,9.828001,827.0
2026,6,12,HBBDHN,,1.5449899999999999,704.0
2026,6,12,HBHCTB,,1.420515,1974.0
2026,6,12,HBHCTD,,0.046439999999999995,76.0
2026,6,12,HCM01,,0.46090899999999996,1472.0
2026,6,12,HCM04,,1.0318859999999999,1412.0
2026,6,12,HCM06,,0.00737,37.0
2026,6,12,HCM12,,0.010339,9.0
2026,6,12,HCMTTOG,,0.131,11.0
2026,6,12,HN02,,0.47437399999999996,17.0
2026,6,12,HN03,,0.037989999999999996,46.0
2026,6,12,HN04,,1.259364,1680.0
2026,6,12,HN07,,0.004,2.0
2026,6,12,HN08,,2.184551,3011.0
2026,6,12,HN10,,1.457917,1992.0
2026,6,12,HNIDDA,,1.769147,2239.0
2026,6,12,HNIHKM,,1.457827,1835.0
2026,6,12,HUBAGG,AGG,16.257263,6485.0
2026,6,12,HUBBDG,HCM,11.856344,4405.0
2026,6,12,HUBBGG,BNH,22.610272,9280.0
2026,6,12,HUBBHD,GLI,10.255453333333334,2392.0
2026,6,12,HUBBKN,TNN,4.007059,1319.0
2026,6,12,HUBBLU,CMU,9.496922999999999,3425.0
2026,6,12,HUBBNH,BNH,15.081242999999999,9496.0
2026,6,12,HUBBPC,DNI,10.372579142857143,3084.0
2026,6,12,HUBBTE,VLG,10.752843,4717.0
2026,6,12,HUBBTN,LDG,24.420987999999998,6623.0
2026,6,12,HUBCBG,CBG,0.028107999999999998,7.0
2026,6,12,HUBCMU,CMU,16.693558666666664,6219.0
2026,6,12,HUBDBN,DBN,0.668291,146.0
2026,6,12,HUBDKG,LDG,0.976455,313.0
2026,6,12,HUBDLK,DLK,11.18076,3743.0
2026,6,12,HUBDNG,DNG,11.962302,4884.0
2026,6,12,HUBDNI,DNI,25.043281,10156.0
2026,6,12,HUBDTP,DTP,15.328736999999999,5349.0
2026,6,12,HUBGLI,GLI,0.971243,901.0
2026,6,12,HUBHBH,PHO,12.505061999999999,4475.0
2026,6,12,HUBHCM,,11.339342,506.0
2026,6,12,HUBHDG,HPG,19.808318999999997,9677.0
2026,6,12,HUBHGG,TQG,4.830833,700.0
2026,6,12,HUBHNI,HNI,3.631507,248.0
2026,6,12,HUBHNM,NBH,14.603226999999999,5696.0
2026,6,12,HUBHPG,HPG,37.934095,15310.0
2026,6,12,HUBHTH,HTH,6.255790333333333,1594.0
2026,6,12,HUBHUE,HUE,6.833603,3801.0
2026,6,12,HUBHYN,HYN,16.031765999999998,8910.0
2026,6,12,HUBKGG01,AGG,18.453408,6709.0
2026,6,12,HUBKGG02,AGG,2.868999,190.0
2026,6,12,HUBKHA,KHA,10.610975,1833.0
2026,6,12,HUBKTM,QNI,2.493375,946.0
2026,6,12,HUBLAN,TNH,14.685694999999999,6526.0
2026,6,12,HUBLBN,HNI,15.621654,10889.0
2026,6,12,HUBLCI01,LCI,3.5566,1308.0
2026,6,12,HUBLCI02,LCI,2.32698,585.0
2026,6,12,HUBLDG01,LDG,5.2373579999999995,461.0
2026,6,12,HUBLDG03,LDG,3.8547546666666666,913.0
2026,6,12,HUBLSN,LSN,10.857177,2875.0
2026,6,12,HUBNAN,NAN,23.504251,7330.0
2026,6,12,HUBNBH,NBH,12.153678,4700.0
2026,6,12,HUBNDH,NBH,11.881922999999999,6328.0
2026,6,12,HUBNTN,KHA,0.819718,96.0
2026,6,12,HUBPHO,PHO,14.799854,7277.0
2026,6,12,HUBPYN,DLK,4.536994,1888.0
2026,6,12,HUBQBH,QTI,4.140962,1307.0
2026,6,12,HUBQNH,QNH,17.952941,6956.0
2026,6,12,HUBQNI,QNI,8.097188,4370.0
2026,6,12,HUBQNM,DNG,11.988906,4138.0
2026,6,12,HUBQTI,QTI,2.659884,1025.0
2026,6,12,HUBSLA,SLA,0.0123,4.0
2026,6,12,HUBSTG,CTO,15.125359,5334.0
2026,6,12,HUBTAN,HCM,0.045298,56.0
2026,6,12,HUBTBH,HYN,18.000018,6983.0
2026,6,12,HUBTGG,DTP,15.396014,4486.0
2026,6,12,HUBTHA,THA,23.583464,9355.0
2026,6,12,HUBTNH,TNH,14.720347142857143,6148.0
2026,6,12,HUBTNN,TNN,13.660046,6194.0
2026,6,12,HUBTQG,TQG,8.166671,3299.0
2026,6,12,HUBTTI,HNI,25.385395,18874.0
2026,6,12,HUBTTO,,18.758035,12116.0
2026,6,12,HUBTVH,VLG,10.391819666666665,3865.0
2026,6,12,HUBVPC,PHO,14.116767,6849.0
2026,6,12,HUBVTU,HCM,15.925887999999999,7504.0
2026,6,12,HUBYAN,HNI,11.246521,5892.0
2026,6,12,HUBYBN,LCI,3.1784,1849.0
2026,6,12,LOGBN,TTKT5,165.03627,38639.0
2026,6,12,LOGTDC,,11.328833999999999,7246.0
2026,6,12,QU6,,0.154465,234.0
2026,6,12,QU8,,0.48694299999999996,634.0
2026,6,12,TTDAD,,5.276552,2407.0
2026,6,12,TTHDG,,0.31625,7.0
2026,6,12,TTKNB,,17.906625,21158.0
2026,6,12,TTKT1,TTKT1,89.418047,48710.0
2026,6,12,TTKT2,TTKT2,51.77691119047619,13888.0
2026,6,12,TTKT3,TTKT3,131.253302,50614.0
2026,6,12,TTKT4,TTKT4,52.73548076190476,13747.0
2026,6,12,TTKT5,TTKT5,199.19510952525252,96927.0
2026,6,12,TTSGN,,19.6698855,13055.0
2026,6,12,TTTK3K2,TTKT3,20.009598,6449.0
2026,6,13,BBSDPG,HNI,3.477381,619.0
2026,6,13,DCCNKT3,TTKT3,86.719037,58164.0
2026,6,13,DSBDG,,12.1346785,940.0
2026,6,13,DSBNH,,0.74271,46.0
2026,6,13,DSDNI,,2.2057729999999998,254.0
2026,6,13,DSKV3,,27.796267999999998,1945.0
2026,6,13,DSKV4,,0.22200199999999998,94.0
2026,6,13,DSKV5,,55.683040999999996,5150.0
2026,6,13,DSVPC,,9.317639,688.0
2026,6,13,HBBDHN,,1.512661,670.0
2026,6,13,HBHCTB,,1.251045,1656.0
2026,6,13,HBHCTD,,0.39957,621.0
2026,6,13,HCM01,,1.3737279999999998,2630.0
2026,6,13,HCM04,,0.113948,178.0
2026,6,13,HCM06,,0.8421329999999999,1293.0
2026,6,13,HCM10,,0.055515999999999996,59.0
2026,6,13,HCM12,,0.36091599999999996,568.0
2026,6,13,HCMTTOG,,0.01,1.0
2026,6,13,HN01,,0.29269999999999996,339.0
2026,6,13,HN02,,0.480882,25.0
2026,6,13,HN04,,1.020928,1347.0
2026,6,13,HN07,,0.013699999999999999,5.0
2026,6,13,HN08,,2.047758,2852.0
2026,6,13,HN09,,0.03505,6.0
2026,6,13,HN10,,1.472519,2034.0
2026,6,13,HNIDDA,,1.272198,1889.0
2026,6,13,HNIHKM,,1.126034,1358.0
2026,6,13,HNM01,,0.189,5.0
2026,6,13,HUBAGG,AGG,14.25823,3171.0
2026,6,13,HUBBDG,HCM,14.119672,4853.0
2026,6,13,HUBBGG,BNH,20.267384999999997,8948.0
2026,6,13,HUBBHD,GLI,4.556623,826.0
2026,6,13,HUBBKN,TNN,3.9581649999999997,1011.0
2026,6,13,HUBBLU,CMU,10.849414,3381.0
2026,6,13,HUBBNH,BNH,12.679535999999999,8784.0
2026,6,13,HUBBPC,DNI,19.180253285714286,7023.0
2026,6,13,HUBBTE,VLG,11.879249333333334,3318.0
2026,6,13,HUBBTN,LDG,16.184628,3392.0
2026,6,13,HUBCMU,CMU,14.225152999999999,4524.0
2026,6,13,HUBDBN,DBN,0.42245099999999997,49.0
2026,6,13,HUBDKG,LDG,4.457870333333333,1296.0
2026,6,13,HUBDLK,DLK,12.796797999999999,3184.0
2026,6,13,HUBDNG,DNG,7.341139,4862.0
2026,6,13,HUBDNI,DNI,16.476655,5540.0
2026,6,13,HUBDTP,DTP,17.271938,6731.0
2026,6,13,HUBGLI,GLI,3.450439,313.0
2026,6,13,HUBHBH,PHO,13.719918999999999,6463.0
2026,6,13,HUBHCM,,14.496991,689.0
2026,6,13,HUBHDG,HPG,19.94833,9406.0
2026,6,13,HUBHGG,TQG,4.3716539999999995,839.0
2026,6,13,HUBHNI,HNI,7.830691,372.0
2026,6,13,HUBHNM,NBH,10.219844666666665,4320.0
2026,6,13,HUBHPG,HPG,33.502325,12803.0
2026,6,13,HUBHTH,HTH,6.101925,1382.0
2026,6,13,HUBHUE,HUE,7.6273409999999995,4569.0
2026,6,13,HUBHYN,HYN,10.691027,4062.0
2026,6,13,HUBKGG01,AGG,15.118601,4059.0
2026,6,13,HUBKGG02,AGG,2.343101,999.0
2026,6,13,HUBKHA,KHA,16.167136,3999.0
2026,6,13,HUBKTM,QNI,0.191499,14.0
2026,6,13,HUBLAN,TNH,7.1008086666666665,4152.0
2026,6,13,HUBLBN,HNI,15.644089,10367.0
2026,6,13,HUBLCI01,LCI,4.084825538461538,1022.0
2026,6,13,HUBLCI02,LCI,1.92069,482.0
2026,6,13,HUBLDG01,LDG,13.246492666666665,2738.0
2026,6,13,HUBLDG03,LDG,7.585442666666666,2686.0
2026,6,13,HUBLSN,LSN,9.203059999999999,2992.0
2026,6,13,HUBNAN,NAN,25.547303,8303.0
2026,6,13,HUBNBH,NBH,9.509830666666666,3921.0
2026,6,13,HUBNDH,NBH,17.506154,7723.0
2026,6,13,HUBNTN,KHA,0.3715,5.0
2026,6,13,HUBPHO,PHO,14.853454,6519.0
2026,6,13,HUBPYN,DLK,3.657273,1445.0
2026,6,13,HUBQBH,QTI,8.774966,1902.0
2026,6,13,HUBQNH,QNH,16.631449,6823.0
2026,6,13,HUBQNI,QNI,11.155482,3792.0
2026,6,13,HUBQNM,DNG,14.689665,4624.0
2026,6,13,HUBQTI,QTI,3.729624,1320.0
2026,6,13,HUBSTG,CTO,11.526921,3433.0
2026,6,13,HUBTAN,HCM,2.084793,2012.0
2026,6,13,HUBTBH,HYN,19.0993,7075.0
2026,6,13,HUBTGG,DTP,15.033733,4446.0
2026,6,13,HUBTHA,THA,27.11178,11848.0
2026,6,13,HUBTNH,TNH,13.796011,6747.0
2026,6,13,HUBTNN,TNN,13.144826,5707.0
2026,6,13,HUBTQG,TQG,10.348878,3096.0
2026,6,13,HUBTTI,HNI,28.628743999999998,22473.0
2026,6,13,HUBTTO,,18.130005,12822.0
2026,6,13,HUBTVH,VLG,10.373178,3121.0
2026,6,13,HUBVPC,PHO,9.708998,6295.0
2026,6,13,HUBVTU,HCM,17.333686,8151.0
2026,6,13,HUBYAN,HNI,10.821067,2998.0
2026,6,13,HUBYBN,LCI,14.389347666666666,4250.0
2026,6,13,LOGBN,TTKT5,146.377164,36801.0
2026,6,13,LOGTDC,,14.235208,10302.0
2026,6,13,QU6,,0.186963,247.0
2026,6,13,QU8,,0.6685599999999999,844.0
2026,6,13,TTDAD,,5.46537,1998.0
2026,6,13,TTHDG,,0.106,2.0
2026,6,13,TTKNB,,25.153744,23169.0
2026,6,13,TTKT1,TTKT1,108.221812,60773.0
2026,6,13,TTKT2,TTKT2,46.706246,14194.0
2026,6,13,TTKT3,TTKT3,117.23780733333332,56635.0
2026,6,13,TTKT4,TTKT4,75.21689099999999,17002.0
2026,6,13,TTKT5,TTKT5,244.64076884615383,123734.0
2026,6,13,TTSGN,,23.782998,18166.0
2026,6,13,TTTK3K2,TTKT3,46.492539,14459.0
2026,6,14,BBSDPG,HNI,0.9474889999999999,29.0
2026,6,14,DCCNKT3,TTKT3,81.880001,60941.0
2026,6,14,DSDNI,,2.183494,254.0
2026,6,14,DSKV4,,0.141808,39.0
2026,6,14,DSKV5,,21.562212,1817.0
2026,6,14,HBBDHN,,2.1075133333333333,747.0
2026,6,14,HBHCTB,,1.1013439999999999,1664.0
2026,6,14,HBHCTD,,0.033506,48.0
2026,6,14,HCM06,,0.872007,1333.0
2026,6,14,HCM12,,0.37421499999999996,602.0
2026,6,14,HCMTTOG,,0.09446399999999999,1.0
2026,6,14,HN04,,0.796496,1068.0
2026,6,14,HN08,,1.374131,1676.0
2026,6,14,HN10,,1.710666,2255.0
2026,6,14,HNIDDA,,1.423767,2002.0
2026,6,14,HNIHKM,,1.185809,1593.0
2026,6,14,HUBAGG,AGG,14.586943999999999,6866.0
2026,6,14,HUBBDG,HCM,17.8139338,7992.0
2026,6,14,HUBBGG,BNH,19.113066,7541.0
2026,6,14,HUBBHD,GLI,6.144238,1504.0
2026,6,14,HUBBKN,TNN,4.069008,1099.0
2026,6,14,HUBBLU,CMU,9.386781,3667.0
2026,6,14,HUBBNH,BNH,15.516262,8090.0
2026,6,14,HUBBPC,DNI,13.327606,4364.0
2026,6,14,HUBBTE,VLG,8.445938666666665,3085.0
2026,6,14,HUBBTN,LDG,17.373172,4295.0
2026,6,14,HUBCMU,CMU,13.843822,5913.0
2026,6,14,HUBDBN,DBN,0.919091,129.0
2026,6,14,HUBDKG,LDG,10.585085999999999,1857.0
2026,6,14,HUBDLK,DLK,7.61374,1615.0
2026,6,14,HUBDNG,DNG,5.566408,2838.0
2026,6,14,HUBDNI,DNI,20.4149,10608.0
2026,6,14,HUBDTP,DTP,15.858092,5653.0
2026,6,14,HUBGLI,GLI,2.643834,1170.0
2026,6,14,HUBHBH,PHO,7.761874,3668.0
2026,6,14,HUBHCM,,21.539323,824.0
2026,6,14,HUBHDG,HPG,21.114020999999997,9602.0
2026,6,14,HUBHGG,TQG,1.147521,287.0
2026,6,14,HUBHNI,HNI,2.048996,110.0
2026,6,14,HUBHNM,NBH,14.404857,4832.0
2026,6,14,HUBHPG,HPG,30.904702,11580.0
2026,6,14,HUBHTH,HTH,8.197757,1804.0
2026,6,14,HUBHUE,HUE,5.850155,2936.0
2026,6,14,HUBHYN,HYN,13.023653692307692,5995.0
2026,6,14,HUBKGG01,AGG,17.412831,6879.0
2026,6,14,HUBKGG02,AGG,1.352952,501.0
2026,6,14,HUBKHA,KHA,13.757833666666665,2567.0
2026,6,14,HUBKTM,QNI,2.9752479999999997,695.0
2026,6,14,HUBLAN,TNH,19.650924,7416.0
2026,6,14,HUBLBN,HNI,14.064091999999999,9074.0
2026,6,14,HUBLCI01,LCI,2.596618,1007.0
2026,6,14,HUBLCI02,LCI,0.0010999999999999998,1.0
2026,6,14,HUBLDG01,LDG,6.217861999999999,530.0
2026,6,14,HUBLDG03,LDG,9.665829,2573.0
2026,6,14,HUBLSN,LSN,7.001291999999999,2257.0
2026,6,14,HUBNAN,NAN,28.011675999999998,7304.0
2026,6,14,HUBNBH,NBH,10.888198,4003.0
2026,6,14,HUBNDH,NBH,14.184009,6124.0
2026,6,14,HUBNTN,KHA,0.650674,179.0
2026,6,14,HUBPHO,PHO,15.654459333333334,6375.0
2026,6,14,HUBPYN,DLK,6.763027999999999,1763.0
2026,6,14,HUBQBH,QTI,7.460222,1597.0
2026,6,14,HUBQNH,QNH,15.380144999999999,5177.0
2026,6,14,HUBQNI,QNI,8.049742,3882.0
2026,6,14,HUBQNM,DNG,12.037937,6374.0
2026,6,14,HUBQTI,QTI,2.875922,961.0
2026,6,14,HUBSLA,SLA,0.01388,4.0
2026,6,14,HUBSTG,CTO,9.417333,4481.0
2026,6,14,HUBTAN,HCM,0.8725229999999999,163.0
2026,6,14,HUBTBH,HYN,17.114390999999998,6742.0
2026,6,14,HUBTGG,DTP,13.814146,3710.0
2026,6,14,HUBTHA,THA,21.062717,8057.0
2026,6,14,HUBTNH,TNH,8.778017,3593.0
2026,6,14,HUBTNN,TNN,11.063818,5490.0
2026,6,14,HUBTQG,TQG,7.245909999999999,2882.0
2026,6,14,HUBTTI,HNI,26.592119666666665,17709.0
2026,6,14,HUBTTO,,19.368678,9766.0
2026,6,14,HUBTVH,VLG,10.387405,3746.0
2026,6,14,HUBVPC,PHO,15.04285,6850.0
2026,6,14,HUBVTU,HCM,16.409312,8633.0
2026,6,14,HUBYAN,HNI,12.082811999999999,5438.0
2026,6,14,HUBYBN,LCI,9.491394999999999,2956.0
2026,6,14,LOGBN,TTKT5,162.983038,37130.0
2026,6,14,LOGTDC,,14.981898,9747.0
2026,6,14,QTI01,,0.068728,49.0
2026,6,14,TTDAD,,4.851103999999999,1911.0
2026,6,14,TTHDG,,0.235,3.0
2026,6,14,TTKNB,,20.886349,12597.0
2026,6,14,TTKT1,TTKT1,83.67478,41234.0
2026,6,14,TTKT2,TTKT2,42.943452,12490.0
2026,6,14,TTKT3,TTKT3,112.069307,46574.0
2026,6,14,TTKT4,TTKT4,67.05772999999999,18121.0
2026,6,14,TTKT5,TTKT5,182.62413899999999,80592.0
2026,6,14,TTSGN,,12.787930999999999,9637.0
2026,6,14,TTTK3K2,TTKT3,33.77374666666666,7878.0
2026,6,15,DCCNKT3,TTKT3,50.483232,38279.0
2026,6,15,DSKV5,,5.665725,618.0
2026,6,15,HBBDHN,,0.636111,303.0
2026,6,15,HBDBTG,,0.039078,61.0
2026,6,15,HBHCTB,,0.509271,649.0
2026,6,15,HBHCTD,,0.476728,681.0
2026,6,15,HCM01,,0.11833099999999999,197.0
2026,6,15,HCM06,,0.35137799999999997,463.0
2026,6,15,HCM10,,0.143698,180.0
2026,6,15,HCM12,,0.308016,514.0
2026,6,15,HN03,,0.723331,962.0
2026,6,15,HN04,,0.251469,327.0
2026,6,15,HN08,,1.0246389999999999,1464.0
2026,6,15,HN10,,1.040582,1441.0
2026,6,15,HNIDDA,,0.822948,1223.0
2026,6,15,HNIHKM,,0.680237,964.0
2026,6,15,HNM01,,0.37379999999999997,15.0
2026,6,15,HUBAGG,AGG,11.08559,4712.0
2026,6,15,HUBBDG,HCM,2.5819289999999997,992.0
2026,6,15,HUBBGG,BNH,12.257900999999999,5572.0
2026,6,15,HUBBHD,GLI,12.112421,2133.0
2026,6,15,HUBBKN,TNN,2.626732,704.0
2026,6,15,HUBBLU,CMU,8.808145999999999,3648.0
2026,6,15,HUBBNH,BNH,11.441442,5267.0
2026,6,15,HUBBPC,DNI,10.890324999999999,3857.0
2026,6,15,HUBBTE,VLG,9.706842,2261.0
2026,6,15,HUBBTN,LDG,13.262374999999999,2835.0
2026,6,15,HUBCBG,CBG,0.24387399999999998,179.0
2026,6,15,HUBCMU,CMU,12.133953,5389.0
2026,6,15,HUBDBN,DBN,2.608697,683.0
2026,6,15,HUBDKG,LDG,2.920274,534.0
2026,6,15,HUBDLK,DLK,5.836378,2223.0
2026,6,15,HUBDNG,DNG,5.753645,3607.0
2026,6,15,HUBDNI,DNI,10.109758,3122.0
2026,6,15,HUBDTP,DTP,13.212902999999999,3979.0
2026,6,15,HUBGLI,GLI,0.12257499999999999,105.0
2026,6,15,HUBHBH,PHO,7.002597,2450.0
2026,6,15,HUBHCM,,17.801211,719.0
2026,6,15,HUBHDG,HPG,12.605701,5960.0
2026,6,15,HUBHGG,TQG,1.901022,464.0
2026,6,15,HUBHNI,HNI,3.604243,210.0
2026,6,15,HUBHNM,NBH,10.846468,2753.0
2026,6,15,HUBHPG,HPG,17.342807999999998,6737.0
2026,6,15,HUBHTH,HTH,3.715921,1239.0
2026,6,15,HUBHUE,HUE,5.688548,2919.0
2026,6,15,HUBHYN,HYN,13.467154666666666,4716.0
2026,6,15,HUBKGG01,AGG,9.138888,3936.0
2026,6,15,HUBKGG02,AGG,2.772372,1410.0
2026,6,15,HUBKHA,KHA,9.792176,1815.0
2026,6,15,HUBKTM,QNI,2.7259759999999997,743.0
2026,6,15,HUBLAN,TNH,13.707986,6420.0
2026,6,15,HUBLBN,HNI,7.986453999999999,5413.0
2026,6,15,HUBLCI01,LCI,2.300554,905.0
2026,6,15,HUBLCI02,LCI,0.002,2.0
2026,6,15,HUBLDG01,LDG,11.030021999999999,1513.0
2026,6,15,HUBLDG03,LDG,2.990992,1027.0
2026,6,15,HUBLSN,LSN,5.710609,1894.0
2026,6,15,HUBNAN,NAN,15.611453333333333,5593.0
2026,6,15,HUBNBH,NBH,9.641639999999999,2864.0
2026,6,15,HUBNDH,NBH,8.346266,3496.0
2026,6,15,HUBNTN,KHA,0.283592,67.0
2026,6,15,HUBPHO,PHO,9.055054,3750.0
2026,6,15,HUBPYN,DLK,0.679056,405.0
2026,6,15,HUBQBH,QTI,1.4286109999999999,836.0
2026,6,15,HUBQNH,QNH,15.040090999999999,4112.0
2026,6,15,HUBQNI,QNI,7.824142666666667,2249.0
2026,6,15,HUBQNM,DNG,8.23284,4032.0
2026,6,15,HUBQTI,QTI,2.563725,748.0
2026,6,15,HUBSTG,CTO,7.497885999999999,2024.0
2026,6,15,HUBTAN,HCM,0.47002499999999997,68.0
2026,6,15,HUBTBH,HYN,11.505193666666665,3903.0
2026,6,15,HUBTGG,DTP,5.928324,2641.0
2026,6,15,HUBTHA,THA,17.271341,4636.0
2026,6,15,HUBTNH,TNH,9.943583,4692.0
2026,6,15,HUBTNN,TNN,7.811322,3238.0
2026,6,15,HUBTQG,TQG,5.205743,1954.0
2026,6,15,HUBTTI,HNI,17.536907,11642.0
2026,6,15,HUBTTO,,13.384801999999999,8046.0
2026,6,15,HUBTVH,VLG,8.582799,3223.0
2026,6,15,HUBVPC,PHO,13.241954,4139.0
2026,6,15,HUBVTU,HCM,6.893784999999999,2475.0
2026,6,15,HUBYAN,HNI,6.316297,3262.0
2026,6,15,HUBYBN,LCI,8.379078999999999,2608.0
2026,6,15,LOGBN,TTKT5,80.302317,19345.0
2026,6,15,LOGTDC,,8.013985,5372.0
2026,6,15,TTDAD,,0.782642,792.0
2026,6,15,TTKNB,,11.721293,7093.0
2026,6,15,TTKT1,TTKT1,57.603679,31683.0
2026,6,15,TTKT2,TTKT2,55.237322,20631.0
2026,6,15,TTKT3,TTKT3,84.66117721212122,34611.0
2026,6,15,TTKT4,TTKT4,29.091946999999998,8548.0
2026,6,15,TTKT5,TTKT5,138.48532799999998,69076.0
2026,6,15,TTSGN,,7.993107999999999,3476.0
2026,6,15,TTTK3K2,TTKT3,18.26826333333333,5414.0
2026,6,16,BBSDPG,HNI,0.280753,43.0
2026,6,16,DCCNKT3,TTKT3,120.26969016666666,73498.0
2026,6,16,DSDNI,,0.8089999999999999,94.0
2026,6,16,DSKV3,,19.301692974358975,1409.0
2026,6,16,DSKV4,,0.01,2.0
2026,6,16,DSKV5,,15.579445,1481.0
2026,6,16,DSLAN,,0.094,3.0
2026,6,16,DSVPC,,8.313492,719.0
2026,6,16,HBBDHN,,1.354515,431.0
2026,6,16,HBHCGV,,0.969324,1858.0
2026,6,16,HBHCTB,,1.6332579999999999,2532.0
2026,6,16,HBHCTD,,0.033569999999999996,37.0
2026,6,16,HCM01,,1.228782,1673.0
2026,6,16,HCM04,,0.967429,1388.0
2026,6,16,HCM06,,0.028783999999999997,38.0
2026,6,16,HCM12,,0.39452699999999996,579.0
2026,6,16,HN01,,0.082693,125.0
2026,6,16,HN02,,0.46004999999999996,17.0
2026,6,16,HN04,,1.2259069999999999,1599.0
2026,6,16,HN08,,2.618408,3501.0
2026,6,16,HN10,,1.740349,2294.0
2026,6,16,HNIDDA,,1.6914239999999998,2347.0
2026,6,16,HNIHKM,,1.571219,1895.0
2026,6,16,HUBAGG,AGG,14.642189,4823.0
2026,6,16,HUBBDG,HCM,14.605675999999999,6683.0
2026,6,16,HUBBGG,BNH,19.244597,9132.0
2026,6,16,HUBBHD,GLI,3.309228,1340.0
2026,6,16,HUBBKN,TNN,4.295597,1425.0
2026,6,16,HUBBLU,CMU,9.209238,3113.0
2026,6,16,HUBBNH,BNH,14.370099999999999,9757.0
2026,6,16,HUBBPC,DNI,13.488339,5226.0
2026,6,16,HUBBTE,VLG,13.687362,4495.0
2026,6,16,HUBBTN,LDG,12.808539999999999,3449.0
2026,6,16,HUBCMU,CMU,14.206667999999999,5952.0
2026,6,16,HUBDBN,DBN,0.049283999999999994,13.0
2026,6,16,HUBDKG,LDG,2.022132,463.0
2026,6,16,HUBDLK,DLK,4.045701,1786.0
2026,6,16,HUBDNG,DNG,4.681929,3265.0
2026,6,16,HUBDNI,DNI,19.795828999999998,8986.0
2026,6,16,HUBDTP,DTP,12.630303,5102.0
2026,6,16,HUBGLI,GLI,5.765757,475.0
2026,6,16,HUBHBH,PHO,13.810849,5740.0
2026,6,16,HUBHCM,,15.534001666666665,670.0
2026,6,16,HUBHDG,HPG,19.390162,10408.0
2026,6,16,HUBHGG,TQG,3.697485,617.0
2026,6,16,HUBHNI,HNI,4.061065,342.0
2026,6,16,HUBHNM,NBH,13.224488,5064.0
2026,6,16,HUBHPG,HPG,36.503434999999996,14527.0
2026,6,16,HUBHTH,HTH,4.376844999999999,1277.0
2026,6,16,HUBHUE,HUE,7.09012,2366.0
2026,6,16,HUBHYN,HYN,13.934895,7557.0
2026,6,16,HUBKGG01,AGG,17.731440666666668,5710.0
2026,6,16,HUBKGG02,AGG,2.468286,1675.0
2026,6,16,HUBKHA,KHA,8.500516,2442.0
2026,6,16,HUBKTM,QNI,0.337333,162.0
2026,6,16,HUBLAN,TNH,20.815351,8112.0
2026,6,16,HUBLBN,HNI,17.536564,10929.0
2026,6,16,HUBLCI01,LCI,8.787954384615384,2205.0
2026,6,16,HUBLCI02,LCI,2.00272,489.0
2026,6,16,HUBLDG01,LDG,18.612628,2897.0
2026,6,16,HUBLDG03,LDG,4.020135,1257.0
2026,6,16,HUBLSN,LSN,7.850435,2250.0
2026,6,16,HUBNAN,NAN,25.438049,8048.0
2026,6,16,HUBNBH,NBH,13.952421999999999,4903.0
2026,6,16,HUBNDH,NBH,15.139135999999999,6962.0
2026,6,16,HUBNTN,KHA,5.862781,2145.0
2026,6,16,HUBPHO,PHO,15.944165,7418.0
2026,6,16,HUBPYN,DLK,3.237802,1147.0
2026,6,16,HUBQBH,QTI,4.295961,1077.0
2026,6,16,HUBQNH,QNH,27.433605999999997,7341.0
2026,6,16,HUBQNI,QNI,9.004040999999999,2734.0
2026,6,16,HUBQNM,DNG,9.380522,2982.0
2026,6,16,HUBQTI,QTI,3.658279,1716.0
2026,6,16,HUBSTG,CTO,10.144589,3967.0
2026,6,16,HUBTAN,HCM,7.976978,1725.0
2026,6,16,HUBTBH,HYN,18.979530999999998,7476.0
2026,6,16,HUBTGG,DTP,12.314763,3874.0
2026,6,16,HUBTHA,THA,26.443869,10620.0
2026,6,16,HUBTNH,TNH,16.312364,7021.0
2026,6,16,HUBTNN,TNN,10.681768,6465.0
2026,6,16,HUBTQG,TQG,7.507072999999999,3469.0
2026,6,16,HUBTTI,HNI,27.329352,16343.0
2026,6,16,HUBTTO,,22.041293,16843.0
2026,6,16,HUBTVH,VLG,10.672685999999999,3802.0
2026,6,16,HUBVPC,PHO,12.576474,6556.0
2026,6,16,HUBVTU,HCM,15.427819999999999,5718.0
2026,6,16,HUBYAN,HNI,15.233557,6286.0
2026,6,16,HUBYBN,LCI,13.527198615384615,4660.0
2026,6,16,LOGBN,TTKT5,163.03927099999999,41827.0
2026,6,16,LOGTDC,,8.808496,4497.0
2026,6,16,QTI01,,0.027274,27.0
2026,6,16,QU6,,0.0202,16.0
2026,6,16,TTDAD,,7.162325,2253.0
2026,6,16,TTKNB,,18.313764,21444.0
2026,6,16,TTKT1,TTKT1,93.08666199999999,52082.0
2026,6,16,TTKT2,TTKT2,39.847384999999996,11161.0
2026,6,16,TTKT3,TTKT3,107.39428249999999,57558.0
2026,6,16,TTKT4,TTKT4,62.600088666666664,11083.0
2026,6,16,TTKT5,TTKT5,208.34324128205128,106813.0
2026,6,16,TTSGN,,20.926077,12404.0
2026,6,16,TTTK3K2,TTKT3,54.26428133333334,19697.0
2026,6,17,DCCNKT3,TTKT3,114.36056699999999,63932.0
2026,6,17,DSBNH,,5.315722,363.0
2026,6,17,DSDNI,,9.933430999999999,1084.0
2026,6,17,DSHDG,,0.158,4.0
2026,6,17,DSKV3,,29.592504285714288,1801.0
2026,6,17,DSKV4,,0.06,2.0
2026,6,17,DSKV5,,50.255908999999996,4419.0
2026,6,17,DSLAN,,0.0121,2.0
2026,6,17,DSVPC,,8.457934,615.0
2026,6,17,HBBDHN,,1.015183,437.0
2026,6,17,HBHCGV,,0.9441219999999999,1579.0
2026,6,17,HBHCTB,,1.3945239999999999,1964.0
2026,6,17,HBHCTD,,0.624472,887.0
2026,6,17,HCM01,,0.291475,377.0
2026,6,17,HCM04,,0.770046,1040.0
2026,6,17,HCM06,,0.028551999999999998,81.0
2026,6,17,HCM12,,0.9007109999999999,1496.0
2026,6,17,HN01,,0.005,1.0
2026,6,17,HN04,,0.21719,290.0
2026,6,17,HN08,,1.951301,2622.0
2026,6,17,HN10,,1.370018,1858.0
2026,6,17,HNIDDA,,1.452662,2167.0
2026,6,17,HNIHKM,,1.256897,1705.0
2026,6,17,HUBAGG,AGG,18.326981333333332,6842.0
2026,6,17,HUBBDG,HCM,18.365887999999998,5692.0
2026,6,17,HUBBGG,BNH,17.645145,7912.0
2026,6,17,HUBBHD,GLI,5.8293729999999995,2930.0
2026,6,17,HUBBKN,TNN,4.1252439999999995,1098.0
2026,6,17,HUBBLU,CMU,9.1429,3816.0
2026,6,17,HUBBNH,BNH,14.072097999999999,10179.0
2026,6,17,HUBBPC,DNI,20.124872999999997,6620.0
2026,6,17,HUBBTE,VLG,9.14928,3752.0
2026,6,17,HUBBTN,LDG,20.76706,4041.0
2026,6,17,HUBCMU,CMU,12.374093666666665,5150.0
2026,6,17,HUBDBN,DBN,0.730301,81.0
2026,6,17,HUBDKG,LDG,4.689805,1189.0
2026,6,17,HUBDLK,DLK,7.657989,2941.0
2026,6,17,HUBDNG,DNG,9.562278,4007.0
2026,6,17,HUBDNI,DNI,20.449905666666666,5782.0
2026,6,17,HUBDTP,DTP,14.425289,5276.0
2026,6,17,HUBGLI,GLI,0.001,1.0
2026,6,17,HUBHBH,PHO,13.606489999999999,4537.0
2026,6,17,HUBHCM,,6.644641,291.0
2026,6,17,HUBHDG,HPG,20.082701,9495.0
2026,6,17,HUBHGG,TQG,4.25762,884.0
2026,6,17,HUBHNI,HNI,5.419165,577.0
2026,6,17,HUBHNM,NBH,11.093734999999999,4540.0
2026,6,17,HUBHPG,HPG,32.944115,13757.0
2026,6,17,HUBHTH,HTH,5.2121379999999995,1480.0
2026,6,17,HUBHUE,HUE,11.521256,5479.0
2026,6,17,HUBHYN,HYN,14.020028,6972.0
2026,6,17,HUBKGG01,AGG,8.111835,4557.0
2026,6,17,HUBKGG02,AGG,2.105272,728.0
2026,6,17,HUBKHA,KHA,20.644446666666667,4845.0
2026,6,17,HUBKTM,QNI,3.2181029999999997,794.0
2026,6,17,HUBLAN,TNH,28.226495999999997,9613.0
2026,6,17,HUBLBN,HNI,15.209537,9848.0
2026,6,17,HUBLCI01,LCI,6.65525,2278.0
2026,6,17,HUBLCI02,LCI,1.175986,398.0
2026,6,17,HUBLDG01,LDG,10.961974,1965.0
2026,6,17,HUBLDG03,LDG,6.207443,1590.0
2026,6,17,HUBLSN,LSN,7.1944099999999995,2574.0
2026,6,17,HUBNAN,NAN,21.18737333333333,7585.0
2026,6,17,HUBNBH,NBH,9.90742,4491.0
2026,6,17,HUBNDH,NBH,13.687189,6533.0
2026,6,17,HUBNTN,KHA,0.887102,99.0
2026,6,17,HUBPHO,PHO,15.134717,6984.0
2026,6,17,HUBPYN,DLK,4.464961,1475.0
2026,6,17,HUBQBH,QTI,8.550616,1363.0
2026,6,17,HUBQNH,QNH,24.87125485714286,8511.0
2026,6,17,HUBQNI,QNI,7.431998,3341.0
2026,6,17,HUBQNM,DNG,9.316956333333334,4406.0
2026,6,17,HUBQTI,QTI,12.137944,2426.0
2026,6,17,HUBSTG,CTO,12.449259,4424.0
2026,6,17,HUBTAN,HCM,1.011169,533.0
2026,6,17,HUBTBH,HYN,19.1345,7522.0
2026,6,17,HUBTGG,DTP,14.731124,6139.0
2026,6,17,HUBTHA,THA,27.134659,10394.0
2026,6,17,HUBTNH,TNH,15.905327,6740.0
2026,6,17,HUBTNN,TNN,11.772763999999999,6281.0
2026,6,17,HUBTQG,TQG,7.7517,3161.0
2026,6,17,HUBTTI,HNI,32.995179,22289.0
2026,6,17,HUBTTO,,21.52601,15177.0
2026,6,17,HUBTVH,VLG,10.528469,3217.0
2026,6,17,HUBVPC,PHO,14.123244999999999,6972.0
2026,6,17,HUBVTU,HCM,16.967855,7059.0
2026,6,17,HUBYAN,HNI,11.070312,5284.0
2026,6,17,HUBYBN,LCI,7.200117,2930.0
2026,6,17,LOGBN,TTKT5,154.846007,34818.0
2026,6,17,LOGTDC,,16.321878333333334,12825.0
2026,6,17,LOGYVN,,0.060989999999999996,67.0
2026,6,17,QNH01,,3.548609,1240.0
2026,6,17,QU6,,0.031807,51.0
2026,6,17,TTDAD,,3.785474,2305.0
2026,6,17,TTKNB,,19.038853,24134.0
2026,6,17,TTKT1,TTKT1,91.30797,47486.0
2026,6,17,TTKT2,TTKT2,55.34660366666666,13556.0
2026,6,17,TTKT3,TTKT3,110.56880299999999,57488.0
2026,6,17,TTKT4,TTKT4,56.56343985714285,11309.0
2026,6,17,TTKT5,TTKT5,260.422326,123251.0
2026,6,17,TTSGN,,23.409888,14906.0
2026,6,17,TTTK3K2,TTKT3,35.923967,11503.0
2026,6,18,BBSDPG,HNI,0.920244,78.0
2026,6,18,DCCNKT3,TTKT3,90.49051983333332,63295.0
2026,6,18,DSBNH,,3.5658939999999997,300.0
2026,6,18,DSKV3,,27.811565166666668,1418.0
2026,6,18,DSKV4,,4.394604999999999,355.0
2026,6,18,DSKV5,,45.999981,4054.0
2026,6,18,DSVPC,,10.002291999999999,796.0
2026,6,18,HBBDHN,,1.2047539999999999,505.0
2026,6,18,HBHCGV,,0.109287,490.0
2026,6,18,HBHCTB,,1.5857649999999999,2248.0
2026,6,18,HBHCTD,,0.088764,113.0
2026,6,18,HCM01,,0.868528,1258.0
2026,6,18,HCM04,,0.008675,2.0
2026,6,18,HCM06,,0.17927099999999999,248.0
2026,6,18,HCM10,,0.07883,87.0
2026,6,18,HCM12,,0.021272,30.0
2026,6,18,HN02,,0.083226,10.0
2026,6,18,HN04,,0.295674,460.0
2026,6,18,HN07,,0.474821,582.0
2026,6,18,HN08,,2.552257,3325.0
2026,6,18,HN10,,1.833661,2315.0
2026,6,18,HNIDDA,,1.560443,2165.0
2026,6,18,HNIHKM,,1.2374239999999999,1623.0
2026,6,18,HNM01,,0.101452,7.0
2026,6,18,HUBAGG,AGG,19.263371,7929.0
2026,6,18,HUBBDG,HCM,6.7049129999999995,1900.0
2026,6,18,HUBBGG,BNH,16.280889,8009.0
2026,6,18,HUBBHD,GLI,13.136911999999999,1777.0
2026,6,18,HUBBKN,TNN,3.356798,1184.0
2026,6,18,HUBBLU,CMU,10.3659,4012.0
2026,6,18,HUBBNH,BNH,13.378827999999999,8890.0
2026,6,18,HUBBPC,DNI,14.017769999999999,4928.0
2026,6,18,HUBBTE,VLG,11.712505,4379.0
2026,6,18,HUBBTN,LDG,21.163402666666666,4717.0
2026,6,18,HUBCMU,CMU,12.440888,5391.0
2026,6,18,HUBDBN,DBN,0.03395,10.0
2026,6,18,HUBDKG,LDG,3.3622612857142857,1081.0
2026,6,18,HUBDLK,DLK,9.645912,3482.0
2026,6,18,HUBDNG,DNG,9.257386,5186.0
2026,6,18,HUBDNI,DNI,18.606631,9570.0
2026,6,18,HUBDTP,DTP,17.324766,5105.0
2026,6,18,HUBGLI,GLI,0.9591059999999999,953.0
2026,6,18,HUBHBH,PHO,10.923221999999999,4146.0
2026,6,18,HUBHCM,,15.291901,535.0
2026,6,18,HUBHDG,HPG,17.747360999999998,9709.0
2026,6,18,HUBHGG,TQG,3.362843,757.0
2026,6,18,HUBHNI,HNI,3.937032,395.0
2026,6,18,HUBHNM,NBH,8.831825,4362.0
2026,6,18,HUBHPG,HPG,35.024058,13693.0
2026,6,18,HUBHTH,HTH,5.554624,1231.0
2026,6,18,HUBHUE,HUE,5.985812,1895.0
2026,6,18,HUBHYN,HYN,12.093504999999999,7116.0
2026,6,18,HUBKGG01,AGG,16.818801333333333,5491.0
2026,6,18,HUBKGG02,AGG,1.441207,1331.0
2026,6,18,HUBKHA,KHA,14.400930333333333,3911.0
2026,6,18,HUBKTM,QNI,2.208084,655.0
2026,6,18,HUBLAN,TNH,17.677744,10842.0
2026,6,18,HUBLBN,HNI,16.185164,10266.0
2026,6,18,HUBLCI01,LCI,3.6522099999999997,1179.0
2026,6,18,HUBLCI02,LCI,1.6873639999999999,355.0
2026,6,18,HUBLDG01,LDG,13.334002,2081.0
2026,6,18,HUBLDG03,LDG,9.762377333333333,2411.0
2026,6,18,HUBLSN,LSN,7.56604,2417.0
2026,6,18,HUBNAN,NAN,16.270767,6260.0
2026,6,18,HUBNBH,NBH,10.941764,4329.0
2026,6,18,HUBNDH,NBH,7.8570649999999995,3368.0
2026,6,18,HUBNTN,KHA,5.8895159999999995,2179.0
2026,6,18,HUBPHO,PHO,14.532240999999999,8186.0
2026,6,18,HUBPYN,DLK,9.205461,1713.0
2026,6,18,HUBQBH,QTI,3.6911609999999997,993.0
2026,6,18,HUBQNH,QNH,24.099711,10399.0
2026,6,18,HUBQNI,QNI,11.663136,5251.0
2026,6,18,HUBQNM,DNG,8.462845,3972.0
2026,6,18,HUBQTI,QTI,11.442141,1714.0
2026,6,18,HUBSTG,CTO,12.471566,5072.0
2026,6,18,HUBTAN,HCM,5.478558,1306.0
2026,6,18,HUBTBH,HYN,19.244906999999998,7031.0
2026,6,18,HUBTDC,,13.844510999999999,11508.0
2026,6,18,HUBTGG,DTP,16.758806,6183.0
2026,6,18,HUBTHA,THA,25.085245999999998,9861.0
2026,6,18,HUBTNH,TNH,10.644549999999999,3999.0
2026,6,18,HUBTNN,TNN,14.548108,6692.0
2026,6,18,HUBTQG,TQG,8.032899,3134.0
2026,6,18,HUBTTI,HNI,27.170208,17570.0
2026,6,18,HUBTTO,,16.109621,14351.0
2026,6,18,HUBTVH,VLG,10.695502,4047.0
2026,6,18,HUBVPC,PHO,14.838668,7594.0
2026,6,18,HUBVTU,HCM,15.547435,5543.0
2026,6,18,HUBYAN,HNI,11.613567,6086.0
2026,6,18,HUBYBN,LCI,8.312859,3074.0
2026,6,18,LOGBN,TTKT5,144.499742,33112.0
2026,6,18,LOGTDC,,0.23149999999999998,4.0
2026,6,18,QTI01,,0.002,1.0
2026,6,18,QU6,,0.012249999999999999,20.0
2026,6,18,TTDAD,,5.784979,2022.0
2026,6,18,TTKNB,,25.597082,28870.0
2026,6,18,TTKT1,TTKT1,92.57217999999999,57736.0
2026,6,18,TTKT2,TTKT2,76.81104433333333,24537.0
2026,6,18,TTKT3,TTKT3,101.288569,52986.0
2026,6,18,TTKT4,TTKT4,68.47282799999999,14803.0
2026,6,18,TTKT5,TTKT5,210.13546366666665,108405.0
2026,6,18,TTSGN,,32.351704,13137.0
2026,6,18,TTTK3K2,TTKT3,57.452214393939386,23004.0
